Date,Close/Last,Volume,Open,High,Low
02/25/2025,93.54,2839593,93.43,93.6276,93.06
02/24/2025,92.99,2637865,92.64,93.06,92.55
02/21/2025,92.87,1584830,92.52,92.975,92.415
02/20/2025,92.38,1627928,92.26,92.4299,92.25
02/19/2025,92.13,2126798,91.91,92.1872,91.87
02/18/2025,91.99,1817030,92.21,92.24,91.97
02/14/2025,92.43,1349532,92.52,92.67,92.41
02/13/2025,92.07,2546745,91.88,92.168,91.85
02/12/2025,91.44,2089857,91.74,91.74,91.25
02/11/2025,91.95,1983749,91.82,92.10,91.82
02/10/2025,92.20,4640055,92.31,92.425,92.15
02/07/2025,92.18,1293731,92.26,92.28,92.0341
02/06/2025,92.39,1601254,92.63,92.63,92.2697
02/05/2025,92.48,1709729,92.40,92.66,92.25
02/04/2025,91.97,1851105,91.67,92.025,91.56
02/03/2025,91.80,2068787,91.86,92.175,91.6796
01/31/2025,92.19,2138263,92.41,92.4499,92.01
01/30/2025,92.33,1737582,92.51,92.51,92.2311
01/29/2025,92.20,1774265,92.30,92.305,91.92
01/28/2025,92.17,1593952,91.94,92.21,91.9244
01/27/2025,92.17,2619878,92.11,92.27,91.97
01/24/2025,91.65,2023472,91.44,91.80,91.402
01/23/2025,91.53,3893404,91.56,91.65,91.46
01/22/2025,91.77,1821699,91.90,91.90,91.63
01/21/2025,91.92,3160127,92.09,92.09,91.76
01/17/2025,91.59,1989724,91.93,91.99,91.57
01/16/2025,91.66,1811831,91.37,91.81,91.22
01/15/2025,91.41,3382776,91.21,91.485,91.21
01/14/2025,90.46,2383603,90.56,90.575,90.34
01/13/2025,90.37,4140619,90.42,90.5172,90.28
01/10/2025,90.52,3459886,90.64,90.85,90.44
01/08/2025,91.17,2173069,90.92,91.2269,90.92
01/07/2025,91.12,2176052,91.27,91.38,90.915
01/06/2025,91.38,2318537,91.47,91.54,91.27
01/03/2025,91.48,1799357,92.26,92.26,91.4621
01/02/2025,91.60,2066727,91.97,91.97,91.45
12/31/2024,91.68,1862474,91.86,91.98,91.505
12/30/2024,91.76,2667487,91.48,91.935,91.48
12/27/2024,91.44,2452476,91.51,91.74,91.41
12/26/2024,91.48,2013947,91.10,91.525,91.00
12/24/2024,91.30,1120394,91.01,91.37,91.01
12/23/2024,91.28,2044062,91.90,91.90,91.22
12/20/2024,91.66,3023504,91.56,91.92,91.27
12/19/2024,91.26,2841741,91.11,91.37,91.065
12/18/2024,91.47,4138788,92.05,92.5091,91.47
12/17/2024,92.61,1891080,92.59,92.70,92.30
12/16/2024,92.62,4085917,92.52,92.74,92.44
12/13/2024,92.50,3270521,92.92,92.9335,92.38
12/12/2024,92.96,1681072,93.31,93.33,92.91
12/11/2024,93.39,1696117,93.94,93.94,93.37
12/10/2024,93.65,1493509,93.63,93.685,93.44
12/09/2024,93.64,2077617,93.84,93.93,93.625
12/06/2024,93.95,5062626,93.94,94.13,93.8401
12/05/2024,93.66,2340743,93.64,93.79,93.48
12/04/2024,93.64,6340113,93.23,93.71,93.05
12/03/2024,93.35,4815489,93.59,93.77,93.325
12/02/2024,93.50,2736412,93.48,93.60,93.14
11/29/2024,93.93,972219,93.90,93.99,93.7522
11/27/2024,93.55,1808928,93.58,93.6699,93.3921
11/26/2024,93.32,3426481,93.45,93.45,93.0026
11/25/2024,93.45,7461649,93.03,93.47,93.02
11/22/2024,92.60,9985360,92.62,92.6299,92.38
11/21/2024,92.41,2439122,92.27,92.59,92.27
11/20/2024,92.33,2199225,92.05,92.485,92.03
11/19/2024,92.37,4468634,92.59,92.59,92.3001
11/18/2024,92.23,1952294,92.01,92.34,91.97
11/15/2024,92.18,2707988,92.30,92.53,91.87
11/14/2024,92.34,2169880,92.50,92.755,92.28
11/13/2024,92.39,3336210,92.47,92.8291,92.26
11/12/2024,92.31,1449157,92.77,92.77,92.23
11/11/2024,92.93,1212655,93.07,93.07,92.75
11/08/2024,93.09,5058772,93.32,93.47,92.95
11/07/2024,93.08,3975069,92.58,93.14,92.50
11/06/2024,92.13,2438678,92.58,92.58,91.8779
11/05/2024,92.87,1540169,92.60,92.895,92.24
11/04/2024,92.56,3162494,92.66,92.8195,92.36
11/01/2024,92.12,2286454,92.96,92.96,92.09
10/31/2024,92.84,3492593,92.68,93.07,92.50
10/30/2024,92.94,3485280,93.13,93.44,92.89
10/29/2024,93.09,3435756,92.69,93.13,92.49
10/28/2024,92.80,2658023,93.26,93.26,92.665
10/25/2024,93.12,1560306,93.32,93.545,93.0432
10/24/2024,93.31,2221069,93.21,93.55,93.07
10/23/2024,93.18,3747647,92.73,93.36,92.73
10/22/2024,93.45,2258621,93.68,93.72,93.42
10/21/2024,93.42,2248351,94.04,94.04,93.41
10/18/2024,94.13,2747966,94.32,94.33,94.10
10/17/2024,94.06,1732663,94.23,94.31,94.03
10/16/2024,94.54,2651576,94.86,94.86,94.47
10/15/2024,94.47,2708081,94.40,94.5297,94.35
10/14/2024,94.17,654333,94.35,94.35,93.76
10/11/2024,94.23,1754561,94.42,94.42,94.05
10/10/2024,94.21,2766194,94.29,94.315,93.9903
10/09/2024,94.25,5195406,94.36,94.50,94.16
10/08/2024,94.47,1458622,94.32,94.4971,94.21
10/07/2024,94.28,1540429,94.18,94.36,94.10
10/04/2024,94.51,2067767,94.57,94.715,94.45
10/03/2024,95.21,5083329,95.44,95.54,95.21
10/02/2024,95.68,3318499,95.61,95.7999,95.53
10/01/2024,95.81,1668946,95.84,95.995,95.715
09/30/2024,95.81,2279316,96.14,96.14,95.71
09/27/2024,96.21,3090799,96.21,96.2406,95.99
09/26/2024,96.00,4633057,96.09,96.09,95.74
09/25/2024,95.94,3758830,96.16,96.16,95.93
09/24/2024,96.25,3617652,96.03,96.27,95.87
09/23/2024,96.08,1931033,96.03,96.275,95.8401
09/20/2024,96.15,1392248,96.21,96.32,96.005
09/19/2024,96.23,1898140,96.10,96.34,96.04
09/18/2024,96.17,1914342,96.44,96.635,96.17
09/17/2024,96.61,2390540,96.59,96.74,96.53
09/16/2024,96.66,3742378,96.61,96.76,96.56
09/13/2024,96.50,1579664,96.53,96.63,96.42
09/12/2024,96.27,1399018,96.48,96.515,96.24
09/11/2024,96.54,1156869,96.46,96.715,96.38
09/10/2024,96.51,2054662,96.09,96.58,96.09
09/09/2024,96.02,2320411,95.94,96.1555,95.825
09/06/2024,95.91,2049096,96.00,96.29,95.75
09/05/2024,95.82,2020081,95.84,95.8602,95.54
09/04/2024,95.60,1787390,95.32,95.62,95.24
09/03/2024,95.34,1713321,95.10,95.345,95.10
08/30/2024,95.24,1687345,95.28,95.45,95.11
08/29/2024,95.30,1213576,95.40,95.4358,95.22
08/28/2024,95.52,1531366,95.66,95.66,95.463
08/27/2024,95.55,1438586,95.39,95.63,95.30
08/26/2024,95.49,2079960,95.76,95.77,95.47
08/23/2024,95.55,1553029,95.25,95.61,95.15
08/22/2024,95.08,1714141,95.34,95.34,95.03
08/21/2024,95.40,1636189,95.35,95.645,95.15
08/20/2024,95.19,1592261,95.15,95.29,95.0467
08/19/2024,94.95,972984,94.82,95.06,94.7501
08/16/2024,94.84,1340370,94.79,94.86,94.565
08/15/2024,94.63,2045501,94.43,94.66,94.32
08/14/2024,94.91,1720137,94.93,95.11,94.87
08/13/2024,94.81,3672023,94.79,94.87,94.72
08/12/2024,94.54,1830745,94.34,94.64,94.275
08/09/2024,94.38,1110733,94.52,94.52,94.35
08/08/2024,94.09,1310239,94.02,94.215,93.915
08/07/2024,94.27,2060879,94.41,94.46,94.10
08/06/2024,94.50,2767259,94.95,94.95,94.40
08/05/2024,95.08,3131571,95.70,95.85,94.83
08/02/2024,95.22,1607461,94.79,95.2656,94.24
08/01/2024,94.02,1761084,94.34,94.34,93.83
07/31/2024,93.92,1174714,93.46,93.93,93.34
07/30/2024,93.37,1254655,93.22,93.445,93.12
07/29/2024,93.27,959131,93.32,93.32,93.12
07/26/2024,93.12,865839,93.11,93.15,92.965
07/25/2024,92.73,2297962,92.64,92.895,92.62
07/24/2024,92.56,1352562,92.91,92.9802,92.55
07/23/2024,92.71,4269652,92.88,93.00,92.71
07/22/2024,92.79,1184136,92.83,92.955,92.6317
07/19/2024,92.81,2958372,92.99,92.99,92.70
07/18/2024,93.00,2013164,93.19,93.28,92.98
07/17/2024,93.25,2483622,93.03,93.345,92.90
07/16/2024,93.09,1807845,92.88,93.10,92.77
07/15/2024,92.77,1145817,92.86,93.025,92.73
07/12/2024,93.12,1834188,92.93,93.14,92.881
07/11/2024,92.81,1335409,92.89,93.06,92.77
07/10/2024,92.32,1651894,92.40,92.42,92.18
07/09/2024,92.23,2024151,92.20,92.27,91.974
07/08/2024,92.20,1097811,92.21,92.23,92.05
07/05/2024,92.24,1131207,92.09,92.29,91.97
07/03/2024,91.64,1286825,91.40,91.785,91.295
07/02/2024,91.13,1597231,91.23,91.29,91.02
07/01/2024,90.85,4390985,90.96,91.22,90.7453
06/28/2024,91.81,2024831,92.56,92.59,91.80
06/27/2024,92.29,1268107,92.21,92.3945,92.21
06/26/2024,92.07,2041263,92.15,92.19,92.06
06/25/2024,92.51,1207410,92.54,92.57,92.401
06/24/2024,92.58,1046001,92.63,92.6638,92.51
06/21/2024,92.55,1023383,92.67,92.6998,92.37
06/20/2024,92.52,1041642,92.25,92.555,92.22
06/18/2024,92.64,1820375,92.39,92.675,92.285
06/17/2024,92.24,1291020,92.37,92.37,92.09
06/14/2024,92.61,1016702,92.66,92.765,92.5401
06/13/2024,92.52,1766781,92.51,92.64,92.26
06/12/2024,92.09,4129450,92.35,92.57,92.05
06/11/2024,91.54,1402533,91.22,91.58,91.135
06/10/2024,91.07,4936267,91.16,91.16,90.94
06/07/2024,91.22,1649193,91.39,91.405,91.179
06/06/2024,92.01,2441569,91.88,92.10,91.80
06/05/2024,91.98,1399584,91.78,92.05,91.61
06/04/2024,91.74,1112949,91.50,91.80,91.465
06/03/2024,91.30,1569975,90.85,91.37,90.85
05/31/2024,91.01,2216223,90.96,91.115,90.865
05/30/2024,90.71,1131145,90.63,90.79,90.50
05/29/2024,90.25,1533773,90.37,90.37,90.03
05/28/2024,90.60,1883411,91.14,91.18,90.548
05/24/2024,91.06,794970,90.92,91.11,90.80
05/23/2024,90.90,2759744,91.30,91.34,90.84
05/22/2024,91.26,1787899,91.16,91.49,91.16
05/21/2024,91.47,1614210,91.49,91.58,91.42
05/20/2024,91.20,1002600,91.32,91.3491,91.175
05/17/2024,91.35,1584321,91.53,91.70,91.34
05/16/2024,91.68,2836737,92.14,92.14,91.67
05/15/2024,92.03,2133082,92.00,92.15,91.86
05/14/2024,91.28,1902230,91.29,91.43,91.16
05/13/2024,90.96,1177396,91.15,91.1699,90.94
05/10/2024,90.79,2014391,90.91,90.92,90.75
05/09/2024,91.16,2538673,90.79,91.215,90.73
05/08/2024,90.82,4133446,90.89,90.92,90.77
05/07/2024,91.01,4141727,91.08,91.235,90.95
05/06/2024,90.60,2234805,90.75,90.793,90.57
05/03/2024,90.67,1554564,90.87,90.87,90.40
05/02/2024,90.16,1685521,89.66,90.215,89.61
05/01/2024,89.76,1965910,89.45,90.06,89.33
04/30/2024,89.54,2289673,89.59,89.81,89.465
04/29/2024,90.02,1504554,89.97,90.16,89.91
04/26/2024,89.80,2052660,89.73,89.88,89.65
04/25/2024,89.44,2025924,89.27,89.52,89.16
04/24/2024,89.82,16600720,89.86,89.88,89.635
04/23/2024,90.11,1362603,89.71,90.295,89.625
04/22/2024,89.79,1640600,89.69,89.98,89.69
04/19/2024,89.73,2683861,89.84,89.8932,89.67
04/18/2024,89.72,2716028,90.04,90.04,89.5601
04/17/2024,90.01,2689880,89.79,90.05,89.5499
04/16/2024,89.41,1702229,89.24,89.49,89.18
04/15/2024,89.74,2290546,89.90,89.90,89.55
04/12/2024,90.49,2564857,90.44,90.69,90.41
04/11/2024,90.16,3366997,90.47,90.47,89.875
04/10/2024,90.10,3803567,90.61,90.64,90.05
04/09/2024,91.46,1104013,91.37,91.46,91.31
04/08/2024,91.06,1654847,91.10,91.165,90.915
04/05/2024,91.16,2227362,91.30,91.56,91.15
04/04/2024,91.77,1215199,91.81,91.81,91.53
04/03/2024,91.53,1791616,91.16,91.565,91.07
04/02/2024,91.51,1955899,91.24,91.58,91.135
04/01/2024,91.57,2304434,91.86,91.86,91.40
03/28/2024,92.42,1714499,92.55,92.61,92.37
03/27/2024,92.68,2205165,92.50,92.725,92.48
03/26/2024,92.50,5949907,92.39,92.52,92.2499
03/25/2024,92.33,3649404,92.39,92.39,92.195
03/22/2024,92.41,1633139,92.65,92.65,92.37
03/21/2024,92.12,1803631,92.41,92.41,92.07
03/20/2024,92.21,2267194,92.04,92.41,91.935
03/19/2024,91.88,3272454,91.80,91.96,91.7031
03/18/2024,91.56,1307926,91.61,91.68,91.43
03/15/2024,91.67,1270868,91.70,91.8099,91.5216
03/14/2024,91.73,2427244,92.12,92.12,91.675
03/13/2024,92.45,1294034,92.50,92.595,92.39
03/12/2024,92.56,1070273,92.74,92.76,92.44
03/11/2024,92.85,7488543,93.03,93.04,92.67
03/08/2024,92.93,3427920,93.06,93.075,92.845
03/07/2024,92.77,2298645,92.85,92.85,92.535
03/06/2024,92.60,4811231,92.65,92.82,92.51
03/05/2024,92.45,2120040,92.20,92.505,92.09
03/04/2024,91.78,3726073,91.83,91.95,91.66
03/01/2024,92.06,1981189,91.62,92.11,91.3834
02/29/2024,91.91,3051022,91.90,92.165,91.874
02/28/2024,91.74,3493732,91.56,91.77,91.47
02/27/2024,91.47,3178131,91.52,91.74,91.40
02/26/2024,91.60,2959546,91.89,91.89,91.43
02/23/2024,91.80,5465491,91.40,91.935,91.35
02/22/2024,91.32,1553271,91.26,91.47,91.16
02/21/2024,91.26,2508334,91.76,91.84,91.25
02/20/2024,91.75,2317828,91.74,91.985,91.67
02/16/2024,91.68,1674304,91.53,91.74,91.4112
02/15/2024,92.05,1453579,92.17,92.19,91.78
02/14/2024,91.77,4199369,91.21,91.77,91.21
02/13/2024,91.20,4332222,91.44,91.61,91.14
02/12/2024,92.16,1329923,92.30,92.39,92.16
02/09/2024,92.18,1629586,92.16,92.235,92.03
02/08/2024,92.24,2081593,92.28,92.3789,92.135
02/07/2024,92.42,1929592,92.62,92.90,92.42
02/06/2024,92.71,2102876,92.32,92.855,92.32
02/05/2024,92.24,2214626,92.38,92.40,92.0015
02/02/2024,93.02,1900631,93.04,93.25,92.8097
02/01/2024,93.95,3289915,93.92,94.30,93.78
01/31/2024,93.80,2972710,93.85,94.01,93.585
01/30/2024,93.31,2453170,93.29,93.435,93.02
01/29/2024,93.21,2154226,92.99,93.22,92.88
01/26/2024,92.71,2451927,92.90,92.94,92.61
01/25/2024,92.86,3787578,92.69,92.92,92.5401
01/24/2024,92.37,3035594,93.00,93.01,92.35
01/23/2024,92.48,3139824,92.64,92.65,92.39
01/22/2024,92.76,3508396,93.03,93.085,92.73
01/19/2024,92.69,2166551,92.65,92.69,92.42
01/18/2024,92.72,1878917,92.86,92.89,92.61
01/17/2024,92.85,2763978,92.93,92.93,92.6444
01/16/2024,93.15,2234016,93.51,93.715,93.01
01/12/2024,93.98,1560815,94.12,94.315,93.89
01/11/2024,93.85,2361384,93.39,93.86,93.2395
01/10/2024,93.20,2404621,93.59,93.61,93.16
01/09/2024,93.25,2543517,93.35,93.50,93.22
01/08/2024,93.40,2595611,93.04,93.615,93.04
01/05/2024,92.97,2530985,92.83,93.42,92.745
01/04/2024,93.14,2216014,93.38,93.38,93.05
01/03/2024,93.65,2743914,93.18,93.725,92.99
01/02/2024,93.53,1900873,93.64,93.87,93.495
12/29/2023,94.08,1497112,93.92,94.265,93.848
12/28/2023,94.19,1915371,94.30,94.42,94.08
12/27/2023,94.55,1759315,94.17,94.55,94.14
12/26/2023,93.88,1763988,93.76,93.905,93.69
12/22/2023,93.62,3341584,93.80,93.8579,93.52
12/21/2023,93.73,2226892,93.77,93.89,93.485
12/20/2023,93.65,2174642,93.52,93.66,93.325
12/19/2023,93.215,1781097,93.10,93.3392,93.06
12/18/2023,93.00,3365822,93.14,93.14,92.9101
12/15/2023,93.34,5639540,93.42,93.595,93.16
12/14/2023,93.645,2735480,93.62,93.8889,93.49
12/13/2023,93.15,2911653,92.22,93.23,92.0011
12/12/2023,91.78,3754419,91.68,91.89,91.54
12/11/2023,91.62,2245018,91.73,91.74,91.2803
12/08/2023,91.58,2225612,91.56,91.66,91.275
12/07/2023,91.96,3373678,91.76,92.18,91.69
12/06/2023,91.81,2317747,91.73,92.065,91.65
12/05/2023,91.56,2412191,91.59,91.82,91.43
12/04/2023,91.08,2789364,91.12,91.32,90.87
12/01/2023,91.47,2682843,90.56,91.52,90.51
11/30/2023,90.85,1956669,91.05,91.05,90.69
11/29/2023,91.12,2986283,91.06,91.29,90.96
11/28/2023,90.70,7508310,90.16,90.7377,90.085
11/27/2023,90.25,4529026,89.89,90.26,89.81
11/24/2023,89.59,646226,89.69,89.75,89.56
11/22/2023,90.25,1471979,90.46,90.565,90.04
11/21/2023,90.28,2207007,90.15,90.38,90.01
11/20/2023,90.07,1910611,89.81,90.105,89.69
11/17/2023,90.05,2618930,89.84,90.0978,89.62
11/16/2023,89.76,2494038,89.61,89.975,89.55
11/15/2023,89.19,2637939,89.25,89.35,89.115
11/14/2023,89.86,1738057,89.97,90.08,89.63
11/13/2023,88.53,1595599,88.01,88.55,87.8725
11/10/2023,88.59,1614884,89.03,89.03,88.44
11/09/2023,88.34,2606092,89.15,89.20,88.34
11/08/2023,89.20,1711259,88.99,89.39,88.902
11/07/2023,88.93,3032518,88.60,89.1198,88.532
11/06/2023,88.34,2219694,88.50,88.50,88.24
11/03/2023,88.91,2228030,89.28,89.42,88.884
11/02/2023,87.93,2400905,88.30,88.40,87.78
11/01/2023,87.46,2940372,86.60,87.53,86.48
10/31/2023,86.62,2902331,86.57,86.75,86.53
10/30/2023,86.46,2724959,86.31,86.59,86.17
10/27/2023,86.76,2096454,86.75,86.83,86.475
10/26/2023,86.74,2757385,86.09,86.77,86.08
10/25/2023,85.92,1692890,86.43,86.43,85.85
10/24/2023,86.73,2123929,86.37,86.74,86.17
10/23/2023,86.23,2962489,85.42,86.38,85.28
10/20/2023,86.06,2174241,86.21,86.40,85.9427
10/19/2023,85.82,3693910,85.90,86.24,85.69
10/18/2023,86.18,8442596,86.54,86.64,86.10
10/17/2023,86.74,12047610,86.69,87.03,86.5698
10/16/2023,87.42,2252294,88.00,88.00,87.36
10/13/2023,87.95,2051158,88.14,88.14,87.84
10/12/2023,87.61,3792250,88.48,88.48,87.56
10/11/2023,88.56,3037627,88.60,88.71,88.35
10/10/2023,88.27,2152506,88.09,88.48,87.66
10/09/2023,88.30,1509103,87.90,88.32,87.79
10/06/2023,87.32,1939356,87.34,87.52,86.86
10/05/2023,87.71,1770937,87.62,87.77,87.56
10/04/2023,87.41,2670400,87.08,87.435,86.76
10/03/2023,86.62,2426609,87.41,87.52,86.59
10/02/2023,87.60,4070341,87.94,88.09,87.52
09/29/2023,88.80,1903232,89.42,89.48,88.735
09/28/2023,89.04,3670050,88.42,89.04,88.2201
09/27/2023,88.51,5507230,89.29,89.342,88.215
09/26/2023,89.04,1773086,89.30,89.37,88.95
09/25/2023,89.13,2484884,89.37,89.51,89.08
09/22/2023,90.07,1683404,89.78,90.14,89.76
09/21/2023,89.56,2265172,89.84,89.84,89.53
09/20/2023,90.36,1707516,90.60,90.80,90.27
09/19/2023,90.46,1302259,90.70,90.7831,90.43
09/18/2023,90.75,1244076,90.44,90.77,90.39
09/15/2023,90.64,1193787,90.88,90.96,90.63
09/14/2023,90.89,1386735,91.16,91.20,90.85
09/13/2023,91.06,1177258,90.68,91.1599,90.68
09/12/2023,90.75,1175043,90.86,90.86,90.63
09/11/2023,90.68,1244035,90.72,90.7796,90.58
09/08/2023,90.77,2041134,90.86,90.96,90.66
09/07/2023,90.68,1715955,90.63,90.76,90.435
09/06/2023,90.37,2155057,90.62,90.62,90.1906
09/05/2023,90.48,1552977,90.95,90.95,90.43
09/01/2023,91.15,1803075,91.54,91.57,91.04
08/31/2023,91.90,1920438,91.93,92.11,91.8499
08/30/2023,91.74,1244123,91.94,91.96,91.70
08/29/2023,91.80,1310938,90.94,91.81,90.912
08/28/2023,91.11,900568,91.06,91.15,90.89
08/25/2023,90.92,1194295,90.77,91.0501,90.6122
08/24/2023,90.85,1338935,90.90,91.12,90.7801
08/23/2023,91.19,1027180,90.81,91.19,90.79
08/22/2023,90.16,1303789,90.17,90.335,90.02
08/21/2023,90.12,1562149,90.25,90.25,89.97
08/18/2023,90.67,1048483,90.57,90.865,90.515
08/17/2023,90.51,2229555,90.51,90.5899,90.23
08/16/2023,90.47,1652531,90.74,90.996,90.46
08/15/2023,90.72,1176214,90.78,91.03,90.69
08/14/2023,91.01,2193501,90.87,91.226,90.78
08/11/2023,91.15,1640690,91.17,91.57,91.12
08/10/2023,91.60,1836592,92.53,92.55,91.60
08/09/2023,92.25,1497872,92.10,92.34,92.045
08/08/2023,92.04,2616264,92.12,92.29,91.9939
08/07/2023,91.71,1078716,91.74,91.7875,91.59
08/04/2023,91.74,1971149,91.40,91.74,91.40
08/03/2023,90.90,4094333,90.845,91.0156,90.76
08/02/2023,91.61,1518075,91.70,91.74,91.27
08/01/2023,92.01,1511690,92.16,92.345,91.92
07/31/2023,92.92,1647982,92.79,93.10,92.78
07/28/2023,92.87,1490262,92.71,92.90,92.64
07/27/2023,92.49,1947590,93.13,93.19,92.38
07/26/2023,93.31,1534242,93.14,93.32,92.97
07/25/2023,92.94,1853103,92.83,92.96,92.771
07/24/2023,93.06,1969399,93.22,93.365,93.02
07/21/2023,93.17,2792531,93.26,93.31,93.0635
07/20/2023,93.06,13666940,93.14,93.17,92.815
07/19/2023,93.72,2745097,93.71,93.8399,93.5407
07/18/2023,93.54,1351848,93.79,93.91,93.45
07/17/2023,93.55,1716709,93.28,93.56,93.225
07/14/2023,93.24,1895744,93.47,93.67,93.22
07/13/2023,93.81,1672459,93.50,93.9176,93.48
07/12/2023,93.05,2311138,92.79,93.20,92.68
07/11/2023,92.17,1245362,92.14,92.205,91.935
07/10/2023,91.83,1333059,91.71,92.14,91.652
07/07/2023,91.61,1086009,91.42,91.855,91.42
07/06/2023,91.60,1808592,91.70,91.76,91.32
07/05/2023,92.21,1439599,92.62,92.635,92.16
07/03/2023,92.71,811591,92.84,93.185,92.70
06/30/2023,93.265,1657572,93.24,93.335,93.00
06/29/2023,93.06,2318428,93.20,93.24,92.8901
06/28/2023,93.87,1174573,93.71,93.935,93.60
06/27/2023,93.65,3567372,93.96,94.07,93.50
06/26/2023,93.88,1302509,93.88,93.95,93.68
06/23/2023,93.64,1104359,93.76,93.76,93.4128
06/22/2023,93.27,1725484,93.58,93.70,93.22
06/21/2023,93.77,2902938,93.49,93.81,93.28
06/20/2023,93.52,1221771,93.51,93.825,93.485
06/16/2023,93.57,1261648,93.65,93.6899,93.355
06/15/2023,93.86,996335,93.70,93.86,93.51
06/14/2023,93.15,1466132,93.22,93.40,92.84
06/13/2023,93.13,2967343,93.96,93.99,92.93
06/12/2023,93.59,1209047,93.43,93.67,93.21
06/09/2023,93.41,1182910,93.52,93.59,93.29
06/08/2023,93.63,1405587,93.38,93.71,93.262
06/07/2023,93.16,2476093,93.64,93.685,93.01
06/06/2023,93.60,1261534,93.49,93.67,93.23
06/05/2023,93.30,2007155,93.13,93.60,92.99
06/02/2023,93.36,1509946,93.92,93.92,93.36
06/01/2023,93.88,4433416,93.96,94.08,93.85
05/31/2023,93.98,2032176,93.66,94.06,93.4601
05/30/2023,93.41,1877580,93.10,93.4599,92.98
05/26/2023,92.59,1408191,92.50,92.63,92.35
05/25/2023,92.54,2034937,92.76,92.86,92.515
05/24/2023,92.99,2096555,93.36,93.375,92.94
05/23/2023,93.29,1415844,93.17,93.435,93.03
05/22/2023,93.26,1072895,93.24,93.51,93.11
05/19/2023,93.21,1751902,93.41,93.72,93.19
05/18/2023,93.59,1103774,93.99,93.99,93.5064
05/17/2023,94.05,909236,94.33,94.33,93.915
05/16/2023,94.09,1376310,93.90,94.15,93.88
05/15/2023,94.29,1105233,94.28,94.36,94.17
05/12/2023,94.50,992257,95.05,95.19,94.485
05/11/2023,95.17,1056644,95.27,95.40,95.10
05/10/2023,94.83,1700293,94.71,94.93,94.565
05/09/2023,94.16,2058631,94.34,94.38,94.095
05/08/2023,94.33,1334489,94.44,94.60,94.29
05/05/2023,94.82,1149636,94.93,94.93,94.565
05/04/2023,95.10,2948184,95.02,95.70,94.9101
05/03/2023,95.30,2293702,94.88,95.42,94.88
05/02/2023,94.68,1967217,93.92,94.6969,93.92
05/01/2023,93.70,1209940,94.48,94.48,93.61
04/28/2023,94.88,1757322,94.81,94.9206,94.645
04/27/2023,94.42,1896621,94.48,94.57,94.30
04/26/2023,94.70,1514264,95.13,95.15,94.61
04/25/2023,95.18,1271397,95.09,95.215,94.913
04/24/2023,94.58,1434734,94.56,94.685,94.48
04/21/2023,94.20,2354869,94.78,94.8068,94.17
04/20/2023,94.49,1185709,94.20,94.50,94.20
04/19/2023,93.94,1995990,93.80,94.01,93.633
04/18/2023,93.94,1695451,93.83,94.03,93.8189
04/17/2023,93.88,1518347,94.15,94.16,93.85
04/14/2023,94.43,942565,94.70,94.72,94.395
04/13/2023,95.06,1988372,95.24,95.53,94.75
04/12/2023,95.12,2181690,95.26,95.32,94.75
04/11/2023,94.90,4215849,94.58,94.93,94.40
04/10/2023,94.56,1355058,94.79,94.84,94.49
04/06/2023,95.49,1316718,95.61,95.84,95.49
04/05/2023,95.74,2269230,95.71,96.07,95.648
04/04/2023,95.47,1367737,94.77,95.59,94.76
04/03/2023,94.90,1933371,94.20,94.94,94.14
03/31/2023,94.73,1456277,94.38,94.80,94.22
03/30/2023,94.46,1647990,94.36,94.535,94.2201
03/29/2023,94.41,1493956,94.14,94.525,94.0335
03/28/2023,94.14,1243961,94.15,94.37,94.06
03/27/2023,94.42,1257509,94.71,94.78,94.42
03/24/2023,95.60,1628658,95.79,95.86,95.225
03/23/2023,95.45,2226865,95.21,95.65,95.12
03/22/2023,95.38,2418693,94.10,95.44,94.02
03/21/2023,94.12,1961616,94.02,94.36,93.975
03/20/2023,94.30,2206919,95.28,95.28,94.245
03/17/2023,95.09,2888985,94.68,95.425,94.655
03/16/2023,94.19,3105077,94.73,95.01,94.09
03/15/2023,94.62,2178549,94.55,95.19,94.21
03/14/2023,93.67,1848992,93.88,94.015,93.454
03/13/2023,94.12,2217958,94.13,94.79,94.0012
03/10/2023,93.21,2463146,93.41,93.7374,93.11
03/09/2023,92.46,2776810,92.33,92.705,92.06
03/08/2023,92.05,1480346,92.31,92.47,91.89
03/07/2023,92.07,2493260,92.54,92.54,91.97
03/06/2023,92.30,9702833,92.77,92.78,92.2549
03/03/2023,92.49,1771057,92.21,92.49,91.93
03/02/2023,91.70,2891401,91.60,91.75,91.52
03/01/2023,92.07,1771063,92.39,92.52,92.0328
02/28/2023,93.01,1823743,92.82,93.08,92.64
02/27/2023,93.05,2395183,93.18,93.22,92.90
02/24/2023,92.81,1632634,92.80,92.85,92.59
02/23/2023,93.38,1910873,93.19,93.445,93.10
02/22/2023,93.12,1574109,93.09,93.39,93.07
02/21/2023,92.79,2109926,93.10,93.1798,92.705
02/17/2023,93.85,1922566,93.46,93.875,93.3732
02/16/2023,93.69,2055911,93.75,93.96,93.53
02/15/2023,94.02,1634490,93.90,94.06,93.82
02/14/2023,94.04,2938124,94.53,94.6506,93.99
02/13/2023,94.57,1429168,94.32,94.65,94.27
02/10/2023,94.25,1516693,94.70,94.708,94.22
02/09/2023,94.67,2178993,95.26,95.305,94.53
02/08/2023,95.02,1105651,94.93,95.055,94.762
02/07/2023,94.76,1343384,94.73,95.205,94.66
02/06/2023,94.84,2374650,94.80,95.01,94.77
02/03/2023,95.67,3672276,95.77,95.92,95.4845
02/02/2023,96.43,2037234,96.67,96.7812,96.38
02/01/2023,96.45,1879264,95.83,96.51,95.5109
01/31/2023,95.88,1931771,95.87,95.88,95.575
01/30/2023,95.56,2055134,95.67,95.845,95.54
01/27/2023,95.97,1438619,95.77,96.025,95.7266
01/26/2023,95.94,1986393,96.24,96.31,95.93
01/25/2023,96.27,2967611,95.98,96.295,95.825
01/24/2023,95.98,1784447,95.64,96.0306,95.42
01/23/2023,95.50,1851063,95.36,95.818,95.36
01/20/2023,95.82,3032001,95.86,95.94,95.52
01/19/2023,96.12,4738783,96.12,96.32,95.92
01/18/2023,96.39,13765270,96.52,96.575,96.07
01/17/2023,95.39,2588092,95.30,95.6388,95.29
01/13/2023,95.61,2043348,95.69,95.9264,95.57
01/12/2023,96.05,6284390,95.95,96.12,95.50
01/11/2023,95.38,8155921,95.19,95.39,95.00
01/10/2023,94.72,1756216,94.84,94.985,94.5032
01/09/2023,95.11,2277125,94.95,95.36,94.86
01/06/2023,94.83,1420098,93.90,94.89,93.79
01/05/2023,93.62,1285325,93.40,93.72,93.255
01/04/2023,93.81,1694359,93.88,94.00,93.605
01/03/2023,93.19,2060840,93.56,93.7034,93.11
12/30/2022,92.75,1634180,92.99,93.14,92.7099
12/29/2022,93.40,1418315,93.08,93.41,92.93
12/28/2022,92.81,1447095,93.15,93.23,92.79
12/27/2022,93.07,1489337,93.14,93.34,92.92
12/23/2022,93.70,1480920,93.74,93.75,93.50
12/22/2022,93.90,1390307,94.04,94.12,93.88
12/21/2022,94.04,1636120,94.28,94.28,93.97
12/20/2022,93.80,2632623,93.85,94.075,93.74
12/19/2022,94.53,2213874,94.60,94.68,94.345
12/16/2022,95.06,1299306,94.72,95.22,94.65
12/15/2022,95.31,2796118,95.28,95.485,94.92
12/14/2022,95.44,1790604,95.08,95.5163,94.85
12/13/2022,95.13,1845818,95.84,95.88,94.99
12/12/2022,94.17,1815407,94.35,94.46,93.9101
12/09/2022,94.15,1896680,94.44,94.51,94.15
12/08/2022,94.68,1654341,94.69,94.92,94.53
12/07/2022,95.05,1376086,94.55,95.08,94.46
12/06/2022,94.06,2184227,93.88,94.13,93.8039
12/05/2022,93.80,2500766,94.33,94.39,93.7521
12/02/2022,94.78,2733716,93.93,94.80,93.685
12/01/2022,94.37,1440644,93.82,94.40,93.742
11/30/2022,93.99,1152007,93.22,93.99,92.79
11/29/2022,92.96,1190751,93.15,93.44,92.96
11/28/2022,93.56,1604759,93.77,93.955,93.4945
11/25/2022,93.70,604668,93.42,93.725,93.42
11/23/2022,93.70,1739396,93.30,93.89,93.30
11/22/2022,93.16,2788797,93.02,93.2599,92.931
11/21/2022,92.75,2176586,93.05,93.11,92.62
11/18/2022,92.75,2838539,92.85,92.97,92.565
11/17/2022,92.82,3375796,92.64,92.82,92.39
11/16/2022,93.17,3165124,93.01,93.295,92.82
11/15/2022,92.64,2733869,92.66,92.85,92.325
11/14/2022,92.07,2153317,92.04,92.20,91.935
11/11/2022,92.33,1248298,92.09,92.4067,92.02
11/10/2022,92.42,2726574,91.77,92.56,91.64
11/09/2022,90.15,1390172,90.00,90.30,89.915
11/08/2022,90.05,3688649,89.83,90.26,89.81
11/07/2022,89.60,1759010,90.13,90.15,89.60
11/04/2022,90.05,1651331,89.96,90.19,89.74
11/03/2022,89.80,2101282,89.36,90.03,89.35
11/02/2022,90.23,2047125,90.49,91.22,90.16
11/01/2022,90.35,1597539,90.82,90.84,90.08
10/31/2022,90.34,1573887,90.58,90.615,90.081
10/28/2022,90.96,1712004,90.62,91.10,90.61
10/27/2022,90.95,2467765,90.69,91.35,90.52
10/26/2022,90.45,2349652,90.07,90.675,90.01
10/25/2022,89.75,3237223,89.32,89.90,89.30
10/24/2022,88.67,3269556,89.00,89.13,88.60
10/21/2022,88.86,12117770,88.15,88.92,88.00
10/20/2022,88.68,25665000,89.32,89.41,88.59
10/19/2022,89.41,1362580,89.32,89.58,89.23
10/18/2022,90.17,1275657,90.35,90.50,89.82
10/17/2022,90.02,1822643,90.58,90.63,90.00
10/14/2022,89.88,1892116,91.03,91.06,89.7535
10/13/2022,90.36,1959947,89.46,90.705,89.46
10/12/2022,90.88,1439152,90.84,91.155,90.635
10/11/2022,90.96,7402518,91.04,91.3451,90.91
10/10/2022,90.88,1141152,91.41,91.41,90.63
10/07/2022,91.28,1758994,91.12,91.365,90.97
10/06/2022,91.55,1702986,92.00,92.14,91.5138
10/05/2022,91.73,1705126,92.02,92.15,91.5961
10/04/2022,92.66,1418149,92.59,93.02,92.49
10/03/2022,92.22,2229782,92.17,92.88,92.12
09/30/2022,91.58,4205048,92.35,92.52,91.505
09/29/2022,92.08,1918219,92.19,92.50,92.04
09/28/2022,92.73,1668430,92.38,92.86,92.03
09/27/2022,91.03,2949770,90.66,91.24,90.265
09/26/2022,90.51,2443166,91.80,91.89,90.50
09/23/2022,92.36,2547016,92.84,92.84,91.92
09/22/2022,92.73,1858588,93.49,93.50,92.68
09/21/2022,94.00,1636082,93.79,94.08,93.17
09/20/2022,93.80,2664694,93.59,93.905,93.51
09/19/2022,94.02,2081024,93.97,94.30,93.943
09/16/2022,94.43,1423984,94.30,94.565,94.20
09/15/2022,94.44,1273296,94.67,94.775,94.405
09/14/2022,94.82,2435534,94.67,94.98,94.62
09/13/2022,94.60,2468934,94.60,94.7334,94.521
09/12/2022,95.36,948912,95.68,95.84,95.275
09/09/2022,95.46,1526705,95.93,95.94,95.41
09/08/2022,95.61,838577,95.94,96.00,95.61
09/07/2022,95.99,1241805,95.84,96.07,95.76
09/06/2022,95.42,2178106,96.02,96.02,95.42
09/02/2022,96.39,2833495,96.36,96.6401,96.22
09/01/2022,96.04,2959922,96.08,96.22,95.71
08/31/2022,96.69,1986844,97.09,97.195,96.635
08/30/2022,97.08,952064,97.16,97.32,96.81
08/29/2022,97.01,1160033,97.01,97.11,96.9116
08/26/2022,97.52,905517,97.63,97.86,97.44
08/25/2022,97.76,787213,97.22,97.785,97.125
08/24/2022,97.17,1131603,97.28,97.36,97.10
08/23/2022,97.57,1334594,97.55,98.1028,97.51
08/22/2022,97.60,804366,97.92,97.93,97.55
08/19/2022,98.23,1070112,98.21,98.31,97.94
08/18/2022,98.94,865031,99.11,99.165,98.84
08/17/2022,98.63,952936,98.74,98.94,98.52
08/16/2022,99.20,849876,99.50,99.50,99.1175
08/15/2022,99.51,887115,99.43,99.535,99.26
08/12/2022,99.14,1431651,99.09,99.18,98.86
08/11/2022,98.80,1325211,99.66,99.675,98.80
08/10/2022,99.18,1374567,99.67,99.69,99.15
08/09/2022,98.89,1201307,98.79,98.97,98.73
08/08/2022,99.10,2377059,99.12,99.19,98.95
08/05/2022,98.57,2515373,98.53,98.78,98.38
08/04/2022,99.71,3662991,99.92,100.025,99.6501
08/03/2022,99.61,1690156,99.18,99.63,98.80
08/02/2022,99.21,2315758,100.46,100.59,99.18
08/01/2022,100.53,3246566,100.34,100.59,100.25
07/29/2022,100.42,3212848,100.20,100.61,100.08
07/28/2022,100.28,1308390,100.04,100.30,100.00
07/27/2022,99.30,931570,99.08,99.59,99.065
07/26/2022,98.87,1314132,99.47,99.47,98.82
07/25/2022,98.90,1102415,98.81,98.99,98.77
07/22/2022,99.02,1934320,98.95,99.23,98.77
07/21/2022,98.29,1960108,97.84,98.29,97.69
07/20/2022,97.55,1425314,97.98,98.09,97.53
07/19/2022,97.80,906834,97.91,97.98,97.72
07/18/2022,97.88,1247635,97.77,97.94,97.62
07/15/2022,98.03,1347103,97.65,98.06,97.62
07/14/2022,97.57,889705,97.24,97.71,97.11
07/13/2022,97.87,2075797,96.90,97.93,96.90
07/12/2022,97.57,2962915,97.61,97.8565,97.525
07/11/2022,97.47,862325,97.35,97.65,97.35
07/08/2022,97.02,996334,97.14,97.26,96.90
07/07/2022,97.41,1534892,97.59,97.64,97.26
07/06/2022,97.48,2572092,98.55,98.58,97.46
07/05/2022,98.30,1409869,98.24,98.46,98.075
07/01/2022,98.01,1463434,97.99,98.60,97.81
06/30/2022,97.49,2760954,97.33,97.73,97.32
06/29/2022,96.93,3186874,96.35,97.00,96.35
06/28/2022,96.03,2593032,96.13,96.32,96.03
06/27/2022,96.21,3308431,96.16,96.44,96.12
06/24/2022,96.44,2488348,96.53,96.81,96.36
06/23/2022,96.52,2176213,96.65,97.20,96.52
06/22/2022,96.22,2523188,96.20,96.39,96.13
06/21/2022,95.41,3258300,95.33,95.60,95.26
06/17/2022,95.55,2526719,95.77,95.77,95.19
06/16/2022,95.56,3392575,94.56,95.68,94.56
06/15/2022,95.35,2258357,95.23,95.44,94.48
06/14/2022,94.40,3035076,95.47,95.51,94.32
06/13/2022,94.74,4573091,96.06,96.15,94.74
06/10/2022,97.03,6745625,97.42,97.455,96.85
06/09/2022,98.01,6216596,97.65,98.06,97.65
06/08/2022,97.75,1172667,98.02,98.13,97.75
06/07/2022,98.21,1422300,97.98,98.31,97.93
06/06/2022,97.81,2897187,98.50,98.50,97.805
06/03/2022,98.49,1159336,98.52,98.73,98.46
06/02/2022,98.83,1313168,98.70,98.83,98.475
06/01/2022,98.42,1995938,98.97,98.98,98.36
05/31/2022,99.17,1513198,99.03,99.17,98.9121
05/27/2022,99.70,935393,99.60,99.74,99.535
05/26/2022,99.51,1103169,99.67,99.70,99.29
05/25/2022,99.54,2217834,99.42,99.54,99.22
05/24/2022,99.30,1871545,98.80,99.37,98.80
05/23/2022,98.52,1324690,98.65,98.92,98.50
05/20/2022,98.85,1515912,98.65,98.88,98.65
05/19/2022,98.62,2142722,98.76,98.84,98.5416
05/18/2022,98.29,1467299,97.89,98.44,97.87
05/17/2022,98.04,1955992,98.19,98.32,97.97
05/16/2022,98.64,1429884,98.59,98.7575,98.485
05/13/2022,98.28,1635544,98.28,98.3984,98.09
05/12/2022,98.54,2717011,98.39,98.70,98.33
05/11/2022,98.18,4348666,97.64,98.29,97.62
05/10/2022,97.85,3682108,98.17,98.32,97.83
05/09/2022,97.54,2577677,97.12,97.6277,97.10
05/06/2022,97.03,1890355,97.39,97.39,96.93
05/05/2022,97.20,2003713,97.86,97.92,96.9842
05/04/2022,98.26,2790794,97.37,98.26,97.205
05/03/2022,97.52,1982527,97.75,97.845,97.48
05/02/2022,97.44,3637725,97.54,97.54,97.24
04/29/2022,98.10,2602269,98.09,98.40,97.99
04/28/2022,98.59,2059612,98.60,98.74,98.31
04/27/2022,98.69,1932471,98.76,98.91,98.60
04/26/2022,98.84,1835348,98.88,99.00,98.655
04/25/2022,98.24,3097862,98.20,98.745,98.20
04/22/2022,97.70,1975086,97.50,97.82,97.44
04/21/2022,97.86,2119518,98.28,98.405,97.565
04/20/2022,98.50,2016196,98.31,98.50,98.23
04/19/2022,97.97,2732725,98.20,98.49,97.88
04/18/2022,98.68,1709503,98.96,98.995,98.6739
04/14/2022,98.96,2291958,99.55,99.56,98.8713
04/13/2022,99.70,1934938,99.84,100.09,99.61
04/12/2022,99.55,3333983,99.68,99.84,99.49
04/11/2022,99.19,2137241,99.15,99.265,99.0634
04/08/2022,99.47,1593079,99.76,99.76,99.39
04/07/2022,99.98,1848203,100.11,100.245,99.91
04/06/2022,100.27,2903280,100.07,100.46,99.95
04/05/2022,100.37,5757322,101.11,101.11,100.35
04/04/2022,101.46,1580527,101.49,101.51,101.31
04/01/2022,101.26,1854552,100.94,101.35,100.88
03/31/2022,101.87,1746332,101.84,101.9499,101.77
03/30/2022,101.77,1527483,101.27,101.77,101.2401
03/29/2022,101.46,1941776,101.14,101.515,101.105
03/28/2022,100.96,1570910,100.85,101.00,100.8333
03/25/2022,100.79,2785448,101.36,101.36,100.732
03/24/2022,101.64,1946475,101.75,101.855,101.64
03/23/2022,102.15,1098119,101.97,102.21,101.89
03/22/2022,101.71,2017727,101.69,101.88,101.675
03/21/2022,102.07,1653212,102.56,102.57,102.045
03/18/2022,102.82,1146842,102.77,103.08,102.74
03/17/2022,102.58,980750,102.61,102.755,102.465
03/16/2022,102.52,1794659,102.54,102.66,102.008
03/15/2022,102.62,1515906,103.06,103.10,102.59
03/14/2022,102.55,2065740,102.97,103.005,102.55
03/11/2022,103.41,1088087,103.58,103.63,103.3708
03/10/2022,103.57,2344532,103.61,103.61,103.45
03/09/2022,103.79,1469977,103.81,103.94,103.72
03/08/2022,103.97,1958648,103.95,104.025,103.86
03/07/2022,104.26,1315009,104.31,104.495,104.26
03/04/2022,104.66,1628397,104.64,104.895,104.62
03/03/2022,104.28,2110950,104.07,104.32,103.985
03/02/2022,103.88,2250769,104.57,104.59,103.87
03/01/2022,104.95,1430795,104.76,105.20,104.76
02/28/2022,104.54,1667763,104.35,104.68,104.26
02/25/2022,103.97,1182882,103.75,103.97,103.74
02/24/2022,103.81,2130190,104.04,104.04,103.715
02/23/2022,103.60,1522619,103.72,103.785,103.60
02/22/2022,103.94,2967687,104.01,104.045,103.82
02/18/2022,104.08,1225784,104.06,104.16,104.04
02/17/2022,104.05,2037973,103.90,104.13,103.90
02/16/2022,103.86,1259494,103.90,103.98,103.72
02/15/2022,103.83,1318704,103.83,103.927,103.76
02/14/2022,103.85,2741154,103.92,104.00,103.7479
02/11/2022,104.28,3476293,104.17,104.3692,103.7307
02/10/2022,103.80,5559462,104.26,104.33,103.77
02/09/2022,104.70,7199024,104.88,104.919,104.70
02/08/2022,104.86,3054548,104.926,104.95,104.75
02/07/2022,105.12,1627963,105.08,105.17,104.974
02/04/2022,105.01,2279801,105.14,105.1799,104.945
02/03/2022,105.59,3094273,105.54,105.62,105.4376
02/02/2022,105.79,3006822,105.78,105.92,105.78
02/01/2022,105.70,3292865,105.69,105.77,105.62
01/31/2022,105.93,2590195,105.81,105.98,105.74
01/28/2022,105.88,3812189,105.52,105.88,105.52
01/27/2022,105.63,1935215,105.54,105.7599,105.525
01/26/2022,105.38,1711405,105.99,106.00,105.3701
01/25/2022,105.94,1289826,105.97,106.0499,105.87
01/24/2022,105.94,2530781,105.93,106.06,105.85
01/21/2022,105.84,1296014,105.97,105.97,105.83
01/20/2022,105.73,1386871,105.78,105.79,105.66
01/19/2022,105.63,1715540,105.533,105.77,105.50
01/18/2022,105.28,3409705,105.62,105.64,104.81
01/14/2022,105.88,1791564,106.14,106.19,105.88
01/13/2022,106.24,1763301,106.23,106.27,106.12
01/12/2022,106.29,2954642,106.40,106.415,106.26
01/11/2022,106.37,1451759,106.03,106.37,105.95
01/10/2022,106.14,2332573,106.0382,106.22,105.9701
01/07/2022,106.29,2003348,106.46,106.47,106.17
01/06/2022,106.60,2710327,106.64,106.665,106.545
01/05/2022,106.74,2231155,106.99,107.0598,106.74
01/04/2022,107.06,1449331,107.01,107.07,106.92
01/03/2022,107.00,2352205,107.28,107.28,107.00
12/31/2021,107.43,1554425,107.36,107.50,107.36
12/30/2021,107.36,959885,107.36,107.37,107.2827
12/29/2021,107.32,1239384,107.46,107.4899,107.31
12/28/2021,107.51,1009839,107.51,107.5567,107.49
12/27/2021,107.43,1063365,107.38,107.4786,107.34
12/23/2021,107.39,1179914,107.40,107.43,107.32
12/22/2021,107.40,969760,107.42,107.45,107.36
12/21/2021,107.38,2113933,107.41,107.4499,107.3401
12/20/2021,107.53,1038761,107.55,107.65,107.51
12/17/2021,107.55,1410118,107.62,107.73,107.53
12/16/2021,107.57,1978915,107.37,107.65,107.37
12/15/2021,107.35,1495444,107.37,107.42,107.25
12/14/2021,107.43,1395993,107.42,107.47,107.38
12/13/2021,107.48,1623454,107.38,107.54,107.38
12/10/2021,107.36,1466013,107.32,107.507,107.3147
12/09/2021,107.36,1675747,107.53,107.53,107.325
12/08/2021,107.37,2321985,107.44,107.44,107.30
12/07/2021,107.40,1703588,107.435,107.4896,107.38
12/06/2021,107.58,1131175,107.582,107.60,107.465
12/03/2021,107.63,1898666,107.46,107.67,107.3805
12/02/2021,107.51,1602978,107.53,107.59,107.42
12/01/2021,107.59,2876894,107.43,107.595,107.36
11/30/2021,107.57,1386981,107.73,107.88,107.52
11/29/2021,107.60,1263864,107.39,107.60,107.355
11/26/2021,107.53,670297,107.26,107.57,107.26
11/24/2021,107.03,1743527,107.03,107.05,106.95
11/23/2021,107.05,1670525,107.25,107.28,107.05
11/22/2021,107.30,1402318,107.41,107.435,107.29
11/19/2021,107.61,1043999,107.70,107.7598,107.58
11/18/2021,107.59,827768,107.494,107.59,107.45
11/17/2021,107.54,2916421,107.376,107.56,107.35
11/16/2021,107.42,981827,107.399,107.47,107.3709
11/15/2021,107.37,1252769,107.50,107.503,107.37
11/12/2021,107.51,1184531,107.59,107.6477,107.44
11/11/2021,107.53,615841,107.59,107.6294,107.52
11/10/2021,107.55,1898913,107.92,107.92,107.55
11/09/2021,108.06,1550239,108.18,108.18,108.04
11/08/2021,108.00,1057240,108.06,108.06,107.98
11/05/2021,108.13,2278368,107.944,108.15,107.90
11/04/2021,107.89,4271820,107.92,108.06,107.89
11/03/2021,107.81,1450823,107.94,107.94,107.725
11/02/2021,107.94,1021511,107.98,108.03,107.89
11/01/2021,107.86,1095943,107.74,107.90,107.71
10/29/2021,107.83,1829429,107.62,107.87,107.59
10/28/2021,107.81,899005,107.874,108.00,107.81
10/27/2021,107.96,1312735,107.88,107.98,107.755
10/26/2021,107.80,1834899,107.68,107.80,107.67
10/25/2021,107.73,917724,107.64,107.73,107.6175
10/22/2021,107.65,1349574,107.58,107.65,107.50
10/21/2021,107.52,3769028,107.66,107.72,107.51
10/20/2021,107.79,1666047,107.80,107.8261,107.7505
10/19/2021,107.77,1020014,107.79,107.82,107.74
10/18/2021,107.85,1008227,107.71,107.85,107.675
10/15/2021,107.92,974885,107.98,108.04,107.88
10/14/2021,108.10,1499587,108.04,108.10,107.86
10/13/2021,107.97,1176939,107.79,107.985,107.79
10/12/2021,107.85,911639,107.80,107.87,107.764
10/11/2021,107.72,827537,107.80,107.82,107.72
10/08/2021,107.82,1174965,108.05,108.05,107.81
10/07/2021,107.95,1402060,108.00,108.0282,107.94
10/06/2021,108.11,1661710,108.111,108.14,108.08
10/05/2021,108.14,880796,108.26,108.27,108.12
10/04/2021,108.32,4386063,108.28,108.35,108.0601
10/01/2021,108.28,1372356,108.20,108.31,108.09
09/30/2021,108.14,1228412,108.02,108.15,108.00
09/29/2021,108.03,1136828,108.07,108.1069,107.975
09/28/2021,107.99,1692876,107.94,108.00,107.89
09/27/2021,108.09,746754,108.12,108.16,108.07
09/24/2021,108.18,1003404,108.09,108.21,107.99
09/23/2021,108.16,807884,108.33,108.33,108.14
09/22/2021,108.44,1046825,108.50,108.54,108.38
09/21/2021,108.53,718147,108.59,108.59,108.50
09/20/2021,108.56,778186,108.52,108.59,108.49
09/17/2021,108.45,808099,108.46,108.46,108.385
09/16/2021,108.50,447461,108.60,108.60,108.48
09/15/2021,108.63,1084876,108.655,108.705,108.60
09/14/2021,108.64,1589536,108.66,108.7199,108.63
09/13/2021,108.60,2594197,108.55,108.64,108.55
09/10/2021,108.57,550755,108.56,108.60,108.5216
09/09/2021,108.62,892102,108.56,108.64,108.535
09/08/2021,108.57,1154109,108.58,108.64,108.52
09/07/2021,108.49,1326968,108.51,108.54,108.46
09/03/2021,108.53,613518,108.53,108.55,108.47
09/02/2021,108.54,942306,108.53,108.56,108.50
09/01/2021,108.50,792449,108.54,108.55,108.47
08/31/2021,108.59,576700,108.63,108.65,108.58
08/30/2021,108.62,771472,108.53,108.6466,108.53
08/27/2021,108.60,615205,108.45,108.60,108.40
08/26/2021,108.42,975859,108.47,108.47,108.3805
08/25/2021,108.46,3356041,108.45,108.55,108.42
08/24/2021,108.44,719087,108.49,108.52,108.43
08/23/2021,108.48,808516,108.38,108.48,108.34
08/20/2021,108.41,637703,108.44,108.46,108.3501
08/19/2021,108.44,1231067,108.45,108.49,108.42
08/18/2021,108.43,750996,108.37,108.43,108.341
08/17/2021,108.36,869491,108.41,108.4799,108.36
08/16/2021,108.51,1031919,108.502,108.58,108.442
08/13/2021,108.53,878267,108.38,108.53,108.375
08/12/2021,108.38,953120,108.40,108.44,108.36
08/11/2021,108.43,1037382,108.30,108.44,108.28
08/10/2021,108.30,1171877,108.33,108.35,108.27
08/09/2021,108.38,1082204,108.53,108.55,108.36
08/06/2021,108.42,1443376,108.51,108.52,108.42
08/05/2021,108.62,920383,108.75,108.76,108.4879
08/04/2021,108.77,2968617,108.78,108.8163,108.60
08/03/2021,108.74,776087,108.81,108.83,108.74
08/02/2021,108.73,749231,108.66,108.78,108.66
07/30/2021,108.69,599293,108.70,108.72,108.67
07/29/2021,108.67,1248661,108.72,108.7299,108.64
07/28/2021,108.71,2837154,108.62,108.72,108.53
07/27/2021,108.635,1944381,108.55,108.66,108.54
07/26/2021,108.56,1925926,108.62,108.64,108.56
07/23/2021,108.63,3744837,108.63,108.64,108.56
07/22/2021,108.53,1453699,108.40,108.57,108.40
07/21/2021,108.37,2135326,108.51,108.52,108.37
07/20/2021,108.56,1881365,108.69,108.69,108.54
07/19/2021,108.62,1738466,108.59,108.665,108.56
07/16/2021,108.45,972424,108.44,108.49,108.39
07/15/2021,108.49,973960,108.45,108.50,108.38
07/14/2021,108.40,1567602,108.278,108.42,108.26
07/13/2021,108.17,3069234,108.24,108.30,108.161
07/12/2021,108.28,4258766,108.29,108.31,108.23
07/09/2021,108.27,2716786,108.33,108.35,108.25
07/08/2021,108.50,1813892,108.45,108.545,108.44
07/07/2021,108.37,1522548,108.33,108.41,108.29
07/06/2021,108.36,1484344,108.26,108.40,108.19
07/02/2021,108.16,1105247,108.15,108.21,108.145
07/01/2021,108.05,1088233,108.03,108.08,107.99
06/30/2021,108.23,2532697,108.26,108.26,108.18
06/29/2021,108.20,4194523,108.19,108.25,108.175
06/28/2021,108.24,1764060,108.16,108.24,108.13
06/25/2021,108.07,1465667,108.15,108.15,108.07
06/24/2021,108.16,1508405,108.14,108.2042,108.14
06/23/2021,108.09,6632084,108.17,108.20,108.08
06/22/2021,108.16,661105,108.0465,108.16,108.0465
06/21/2021,108.00,659934,108.00,108.06,107.97
06/18/2021,108.12,1392746,108.04,108.135,107.94
06/17/2021,108.14,1347928,108.04,108.18,108.02
06/16/2021,107.91,1143145,108.32,108.35,107.91
06/15/2021,108.31,1226542,108.34,108.34,108.31
06/14/2021,108.34,1068539,108.38,108.38,108.31
06/11/2021,108.46,611295,108.55,108.55,108.44
06/10/2021,108.54,595599,108.41,108.55,108.3831
06/09/2021,108.45,1153047,108.42,108.48,108.40
06/08/2021,108.36,723466,108.42,108.45,108.36
06/07/2021,108.31,687697,108.36,108.36,108.31
06/04/2021,108.38,1194488,108.30,108.42,108.30
06/03/2021,108.20,834249,108.21,108.21,108.155
06/02/2021,108.24,901321,108.26,108.29,108.21
06/01/2021,108.22,841875,108.12,108.23,108.11
05/28/2021,108.37,911256,108.31,108.37,108.31
05/27/2021,108.32,1367722,108.40,108.42,108.30
05/26/2021,108.47,1285790,108.44,108.53,108.41
05/25/2021,108.58,721376,108.46,108.58,108.46
05/24/2021,108.44,837776,108.38,108.44,108.36
05/21/2021,108.38,813186,108.29,108.38,108.27
05/20/2021,108.30,1773165,108.28,108.34,108.26
05/19/2021,108.19,1316613,108.27,108.41,108.1801
05/18/2021,108.30,1133315,108.27,108.32,108.25
05/17/2021,108.26,1181616,108.36,108.39,108.26
05/14/2021,108.40,895494,108.38,108.40,108.35
05/13/2021,108.31,1307561,108.28,108.34,108.27
05/12/2021,108.14,1536155,108.19,108.25,108.14
05/11/2021,108.45,1643326,108.49,108.50,108.44
05/10/2021,108.55,1226234,108.732,108.755,108.55
05/07/2021,108.71,1107036,108.81,108.8599,108.67
05/06/2021,108.70,1274742,108.66,108.70,108.65
05/05/2021,108.70,882211,108.68,108.70,108.65
05/04/2021,108.67,965098,108.778,108.79,108.65
05/03/2021,108.69,1130707,108.65,108.75,108.62
04/30/2021,108.86,1786055,108.79,108.88,108.73
04/29/2021,108.70,1023297,108.6041,108.70,108.5826
04/28/2021,108.73,918262,108.69,108.73,108.53
04/27/2021,108.68,3779044,108.68,108.71,108.641
04/26/2021,108.71,1541143,108.70,108.75,108.69
04/23/2021,108.70,717278,108.79,108.79,108.69
04/22/2021,108.81,811864,108.81,108.85,108.78
04/21/2021,108.85,1182488,108.75,108.85,108.73
04/20/2021,108.76,1489459,108.61,108.76,108.61
04/19/2021,108.61,1383494,108.57,108.64,108.56
04/16/2021,108.59,1148592,108.61,108.69,108.59
04/15/2021,108.74,1461231,108.60,108.79,108.60
04/14/2021,108.58,939113,108.63,108.6384,108.55
04/13/2021,108.60,1504467,108.43,108.60,108.42
04/12/2021,108.40,1298470,108.41,108.42,108.34
04/09/2021,108.38,1134064,108.28,108.43,108.26
04/08/2021,108.38,1352024,108.35,108.40,108.31
04/07/2021,108.36,1335306,108.364,108.42,108.35
04/06/2021,108.38,2401392,108.35,108.39,108.32
04/05/2021,108.20,2075752,108.26,108.29,108.16
04/01/2021,108.19,3096018,108.20,108.26,108.10
03/31/2021,108.42,3137049,108.31,108.42,108.31
03/30/2021,108.32,1937142,108.22,108.36,108.19
03/29/2021,108.33,1302422,108.34,108.37,108.305
03/26/2021,108.38,1198735,108.42,108.46,108.38
03/25/2021,108.54,5041181,108.60,108.60,108.49
03/24/2021,108.55,7489767,108.53,108.5898,108.49
03/23/2021,108.56,5790712,108.53,108.58,108.45
03/22/2021,108.51,981611,108.42,108.52,108.38
03/19/2021,108.41,950050,108.398,108.495,108.37
03/18/2021,108.44,1102038,108.46,108.51,108.41
03/17/2021,108.67,1598714,108.51,108.7999,108.50
03/16/2021,108.71,1217612,108.65,108.7901,108.65
03/15/2021,108.71,1174871,108.72,108.79,108.66
03/12/2021,108.72,1113323,108.82,108.82,108.72
03/11/2021,108.98,1611036,108.922,109.00,108.905
03/10/2021,108.92,972685,108.91,108.97,108.90
03/09/2021,108.93,1374036,108.95,109.0157,108.89
03/08/2021,108.85,1306057,108.93,108.93,108.83
03/05/2021,109.03,1603703,108.91,109.03,108.87
03/04/2021,109.03,1144663,109.24,109.30,109.005
03/03/2021,109.28,1302213,109.28,109.34,109.19
03/02/2021,109.28,1300974,109.10,109.30,109.085
03/01/2021,109.23,2666731,109.28,109.31,109.0916
02/26/2021,109.15,2702720,109.00,109.32,108.83
02/25/2021,108.91,2503342,109.27,109.3181,108.66
02/24/2021,109.54,1245554,109.42,109.60,109.38
02/23/2021,109.51,1443822,109.43,109.52,109.40
02/22/2021,109.61,2404749,109.75,109.75,109.58
02/19/2021,109.74,810843,109.77,109.82,109.71
02/18/2021,109.84,1129830,109.81,109.8699,109.7811
02/17/2021,109.81,1425474,109.74,109.84,109.71
02/16/2021,109.76,2523651,109.86,109.90,109.73
02/12/2021,110.00,1576431,110.06,110.08,110.00
02/11/2021,110.15,1574093,110.08,110.18,110.08
02/10/2021,110.18,1073814,110.21,110.23,110.15
02/09/2021,110.23,1593567,110.20,110.24,110.12
02/08/2021,110.16,2349853,110.1661,110.20,110.1311
02/05/2021,110.18,1016451,110.23,110.26,110.15
02/04/2021,110.17,1280623,110.12,110.21,110.09
02/03/2021,110.15,1227623,110.18,110.20,110.15
02/02/2021,110.18,838596,110.19,110.22,110.15
02/01/2021,110.13,1232843,110.08,110.15,110.03
01/29/2021,110.29,1862299,110.15,110.315,110.13
01/28/2021,110.22,1005118,110.17,110.22,110.14
01/27/2021,110.19,1562743,110.19,110.27,110.1829
01/26/2021,110.17,1993285,110.13,110.20,110.12
01/25/2021,110.20,1118603,110.18,110.24,110.14
01/22/2021,110.19,849569,110.17,110.20,110.13
01/21/2021,110.19,1381559,110.216,110.24,110.16
01/20/2021,110.19,1837752,110.138,110.21,110.09
01/19/2021,110.16,2814189,110.21,110.23,110.14
01/15/2021,110.17,2835628,110.11,110.17,110.11
01/14/2021,110.09,5785858,110.14,110.17,110.08
01/13/2021,110.11,1339652,110.07,110.13,110.05
01/12/2021,110.06,10536040,109.92,110.12,109.92
01/11/2021,109.99,1682845,110.06,110.06,109.985
01/08/2021,110.09,1580743,110.14,110.15,110.09
01/07/2021,110.12,1624327,110.18,110.18,110.10
01/06/2021,110.15,2082050,110.15,110.20,110.09
01/05/2021,110.20,1164067,110.25,110.25,110.15
01/04/2021,110.14,1219980,110.13,110.18,110.11
12/31/2020,110.13,1020531,110.12,110.18,110.10
12/30/2020,110.12,744434,110.082,110.12,110.07
12/29/2020,110.10,1304345,110.13,110.13,110.06
12/28/2020,110.07,743785,110.06,110.10,110.04
12/24/2020,110.06,793511,110.08,110.0851,110.03
12/23/2020,110.05,1712498,110.07,110.08,110.01
12/22/2020,110.06,943504,110.05,110.095,110.03
12/21/2020,110.11,2055482,110.14,110.15,110.04
12/18/2020,110.07,1316904,110.09,110.10,110.03
12/17/2020,110.02,2025242,110.04,110.06,109.97
12/16/2020,109.99,2084582,110.00,110.05,109.93
12/15/2020,110.00,1966759,109.98,110.00,109.91
12/14/2020,109.94,2100895,109.86,109.955,109.85
12/11/2020,109.94,901899,109.90,109.97,109.87
12/10/2020,109.92,1918787,109.94,109.955,109.90
12/09/2020,109.96,1541453,109.93,109.96,109.89
12/08/2020,109.97,975916,109.94,109.975,109.92
12/07/2020,109.93,1546729,109.93,109.98,109.905
12/04/2020,109.91,930999,109.95,109.95,109.90
12/03/2020,109.91,1459902,109.91,109.96,109.90
12/02/2020,109.91,1575897,109.94,109.95,109.85
12/01/2020,109.90,1460451,109.97,109.9783,109.79
11/30/2020,110.15,945725,110.15,110.19,110.11
11/27/2020,110.17,577525,110.15,110.19,110.10
11/25/2020,110.11,1043337,110.13,110.18,110.11
11/24/2020,110.15,1542653,110.15,110.19,110.13
11/23/2020,110.17,1345860,110.19,110.22,110.13
11/20/2020,110.17,1084549,110.14,110.17,110.12
11/19/2020,110.16,1111758,110.23,110.23,110.12
11/18/2020,110.13,1277887,110.13,110.16,110.0868
11/17/2020,110.11,1906507,110.08,110.14,110.04
11/16/2020,110.06,1429233,110.111,110.12,110.02
11/13/2020,110.11,808820,110.10,110.13,110.07
11/12/2020,110.07,913435,110.05,110.07,109.99
11/11/2020,110.02,1161827,109.97,110.04,109.95
11/10/2020,109.90,1142078,109.93,110.01,109.88
11/09/2020,109.96,1662739,110.00,110.00,109.85
11/06/2020,110.09,964292,110.23,110.2309,110.08
11/05/2020,110.24,968958,110.25,110.28,110.18
11/04/2020,110.20,1107012,110.22,110.29,110.18
11/03/2020,110.09,1010396,110.11,110.13,110.05
11/02/2020,110.12,2220137,110.20,110.21,110.11
10/30/2020,110.29,1709529,110.22,110.3189,110.19
10/29/2020,110.25,5677488,110.27,110.28,110.19
10/28/2020,110.23,1155131,110.29,110.305,110.21
10/27/2020,110.29,708347,110.22,110.30,110.1973
10/26/2020,110.23,738462,110.22,110.26,110.19
10/23/2020,110.20,804328,110.19,110.23,110.16
10/22/2020,110.20,1229580,110.20,110.23,110.15
10/21/2020,110.22,964887,110.17,110.23,110.13
10/20/2020,110.12,1264783,110.14,110.19,110.10
10/19/2020,110.18,912753,110.21,110.24,110.16
10/16/2020,110.23,1080135,110.21,110.2499,110.16
10/15/2020,110.13,1069103,110.15,110.19,110.11
10/14/2020,110.13,1637077,110.14,110.19,110.1197
10/13/2020,110.16,1438309,110.23,110.28,110.15
10/12/2020,110.30,1153363,110.20,110.32,110.18
10/09/2020,110.20,2780870,110.22,110.26,110.165
10/08/2020,110.23,2341805,110.29,110.29,110.20
10/07/2020,110.28,11922070,110.30,110.35,110.28
10/06/2020,110.24,1836927,110.191,110.30,110.18
10/05/2020,110.175,1346792,110.257,110.28,110.15
10/02/2020,110.26,2145040,110.32,110.32,110.19
10/01/2020,110.20,2814345,110.20,110.21,110.10
09/30/2020,110.40,1481831,110.41,110.45,110.3901
09/29/2020,110.42,1493860,110.35,110.44,110.33
09/28/2020,110.37,1104626,110.35,110.39,110.29
09/25/2020,110.33,810911,110.39,110.39,110.29
09/24/2020,110.30,1304542,110.33,110.42,110.28
09/23/2020,110.29,1341775,110.30,110.35,110.26
09/22/2020,110.28,2067409,110.27,110.30,110.22
09/21/2020,110.22,948333,110.295,110.33,110.21
09/18/2020,110.29,799330,110.33,110.37,110.28
09/17/2020,110.32,806860,110.36,110.40,110.31
09/16/2020,110.30,986917,110.35,110.42,110.27
09/15/2020,110.33,1212967,110.42,110.43,110.33
09/14/2020,110.47,578863,110.51,110.53,110.45
09/11/2020,110.47,537140,110.54,110.5484,110.45
09/10/2020,110.47,741574,110.53,110.53,110.45
09/09/2020,110.55,932924,110.65,110.65,110.524
09/08/2020,110.60,1116037,110.63,110.66,110.58
09/04/2020,110.52,853029,110.57,110.57,110.16
09/03/2020,110.52,1783254,110.50,110.63,110.50
09/02/2020,110.58,1696913,110.62,110.63,110.55
09/01/2020,110.52,862750,110.58,110.59,110.49
08/31/2020,110.68,764998,110.71,110.74,110.64
08/28/2020,110.72,910307,110.69,110.74,110.615
08/27/2020,110.57,997531,110.65,110.66,110.535
08/26/2020,110.60,2873100,110.59,110.63,110.50
08/25/2020,110.54,988259,110.52,110.59,110.50
08/24/2020,110.58,545511,110.63,110.69,110.554
08/21/2020,110.67,812625,110.65,110.72,110.61
08/20/2020,110.70,920620,110.76,110.76,110.65
08/19/2020,110.73,1651609,110.80,110.81,110.675
08/18/2020,110.70,687779,110.76,110.77,110.66
08/17/2020,110.66,634406,110.62,110.73,110.62
08/14/2020,110.61,831688,110.54,110.674,110.54
08/13/2020,110.60,2358033,110.74,110.81,110.50
08/12/2020,110.66,4989880,110.57,110.66,110.54
08/11/2020,110.64,990889,110.747,110.78,110.60
08/10/2020,110.81,645254,110.86,110.86,110.71
08/07/2020,110.72,999304,110.74,110.81,110.69
08/06/2020,110.66,1292350,110.68,110.6899,110.61
08/05/2020,110.61,4053066,110.70,110.745,110.58
08/04/2020,110.75,641955,110.78,110.86,110.63
08/03/2020,110.69,1044900,110.68,110.69,110.54
07/31/2020,110.82,1301977,110.78,110.82,110.70
07/30/2020,110.70,565276,110.74,110.77,110.69
07/29/2020,110.74,812944,110.79,110.79,110.66
07/28/2020,110.67,1233596,110.59,110.68,110.54
07/27/2020,110.60,655096,110.58,110.60,110.52
07/24/2020,110.55,1044236,110.62,110.68,110.54
07/23/2020,110.74,532095,110.74,110.75,110.67
07/22/2020,110.71,1351889,110.71,110.745,110.65
07/21/2020,110.73,1155339,110.70,110.76,110.6116
07/20/2020,110.67,673172,110.70,110.74,110.62
07/17/2020,110.68,739403,110.65,110.70,110.5941
07/16/2020,110.65,921092,110.68,110.75,110.61
07/15/2020,110.62,870786,110.66,110.70,110.62
07/14/2020,110.64,810009,110.64,110.71,110.58
07/13/2020,110.66,604128,110.66,110.68,110.56
07/10/2020,110.60,759056,110.71,110.7362,110.60
07/09/2020,110.71,1345486,110.73,110.78,110.62
07/08/2020,110.70,1008909,110.53,110.70,110.53
07/07/2020,110.64,681824,110.57,110.68,110.54
07/06/2020,110.60,1089871,110.65,110.69,110.57
07/02/2020,110.70,981902,110.66,110.73,110.57
07/01/2020,110.55,1267323,110.60,110.64,110.50
06/30/2020,110.70,1720717,110.80,110.82,110.70
06/29/2020,110.79,753128,110.77,110.81,110.75
06/26/2020,110.74,611461,110.73,110.83,110.67
06/25/2020,110.73,1171789,110.74,110.79,110.59
06/24/2020,110.62,780630,110.79,110.80,110.56
06/23/2020,110.72,1202622,110.82,110.83,110.70
06/22/2020,110.77,1145157,110.67,110.84,110.62
06/19/2020,110.84,780570,110.79,110.92,110.79
06/18/2020,110.83,782344,110.93,110.93,110.75
06/17/2020,110.88,1424584,110.81,110.96,110.75
06/16/2020,110.79,1013019,110.96,111.02,110.77
06/15/2020,111.03,1728567,111.06,111.12,110.97
06/12/2020,111.10,1196778,111.01,111.1782,111.00
06/11/2020,111.00,1169596,111.07,111.22,111.00
06/10/2020,111.05,2138859,110.91,111.24,110.91
06/09/2020,111.03,932127,111.04,111.10,110.91
06/08/2020,110.96,2351415,110.87,111.02,110.82
06/05/2020,110.93,1346655,110.79,110.95,110.7452
06/04/2020,110.89,1318761,110.88,110.99,110.82
06/03/2020,110.89,1129996,111.00,111.00,110.79
06/02/2020,110.98,5470177,111.00,111.03,110.8967
06/01/2020,110.99,3058254,110.88,111.04,110.8581
05/29/2020,111.08,1951012,111.07,111.16,110.99
05/28/2020,110.80,1551163,111.00,111.05,110.80
05/27/2020,111.05,1039037,111.03,111.15,111.00
05/26/2020,111.06,559400,111.05,111.09,110.97
05/22/2020,111.10,1033933,111.10,111.12,110.87
05/21/2020,111.14,1349460,111.05,111.25,110.99
05/20/2020,111.07,1301426,110.98,111.11,110.94
05/19/2020,110.92,723780,110.85,110.96,110.82
05/18/2020,110.93,634345,110.98,110.98,110.79
05/15/2020,111.08,1165601,111.02,111.09,110.98
05/14/2020,111.03,734253,111.08,111.20,111.01
05/13/2020,110.91,704780,110.79,111.01,110.79
05/12/2020,111.01,1677131,110.90,111.07,110.89
05/11/2020,110.96,875016,111.12,111.13,110.94
05/08/2020,111.22,1217292,111.23,111.28,111.14
05/07/2020,111.24,1578181,111.15,111.31,111.08
05/06/2020,110.96,1074788,110.83,111.02,110.83
05/05/2020,110.89,825326,110.89,111.01,110.82
05/04/2020,110.94,1099867,110.80,111.04,110.75
05/01/2020,110.83,1575937,110.87,110.96,110.76
04/30/2020,111.10,1462931,110.87,111.10,110.81
04/29/2020,110.90,872131,110.82,110.98,110.76
04/28/2020,110.69,1145715,110.46,110.71,110.42
04/27/2020,110.40,650529,110.38,110.47,110.31
04/24/2020,110.45,1034811,110.53,110.60,110.36
04/23/2020,110.60,727067,110.54,110.63,110.40
04/22/2020,110.31,1030076,110.18,110.31,110.07
04/21/2020,110.13,1253638,109.92,110.27,109.86
04/20/2020,110.15,1866786,109.97,110.36,109.90
04/17/2020,110.10,779219,110.09,110.16,109.97
04/16/2020,110.19,1012343,110.11,110.29,110.10
04/15/2020,110.06,1354477,109.99,110.24,109.14
04/14/2020,109.96,2132860,109.83,110.0365,109.73
04/13/2020,109.99,4072684,110.35,110.35,109.05
04/09/2020,110.46,9749828,111.08,111.10,109.77
04/08/2020,110.37,1527567,110.25,110.37,110.11
04/07/2020,110.10,2005727,109.93,110.14,109.76
04/06/2020,110.01,1755004,110.11,110.18,109.76
04/03/2020,110.08,1382718,110.49,110.49,109.95
04/02/2020,110.16,1971402,110.03,110.3874,109.57
04/01/2020,109.82,2147680,110.18,110.23,109.75
03/31/2020,110.44,2100789,110.08,110.48,109.81
03/30/2020,110.28,2110496,110.60,110.92,109.99
03/27/2020,110.09,2288045,109.68,110.09,109.68
03/26/2020,109.73,2914741,109.07,110.18,109.00
03/25/2020,109.56,2996629,109.77,109.99,109.0671
03/24/2020,109.58,2511889,107.91,110.10,107.91
03/23/2020,108.67,2700185,108.19,109.07,108.00
03/20/2020,107.87,5026752,106.75,108.00,106.60
03/19/2020,106.59,4711791,106.78,108.14,106.06
03/18/2020,107.85,3039578,108.18,108.73,106.66
03/17/2020,108.65,2322205,108.67,109.61,107.925
03/16/2020,109.04,2680756,108.40,109.74,107.19
03/13/2020,108.60,5935881,107.91,109.06,107.8145
03/12/2020,105.30,9656250,108.73,109.42,104.79
03/11/2020,108.72,6526604,109.83,109.9107,108.68
03/10/2020,109.55,6778232,109.90,110.12,109.55
03/09/2020,110.05,4001263,110.39,110.48,109.89
03/06/2020,110.04,5525065,109.99,110.29,109.855
03/05/2020,109.94,1066594,109.90,109.97,109.84
03/04/2020,109.68,2858496,109.76,109.8368,109.65
03/03/2020,109.81,4320449,109.58,109.89,109.52
03/02/2020,109.55,2277338,109.61,109.75,109.465
02/28/2020,109.50,2779204,109.53,109.77,109.474
02/27/2020,109.28,1642608,109.31,109.40,109.23
02/26/2020,109.16,2021247,109.16,109.2501,109.08
